,LINKS,PRODUCT_NAMES,RATINGS,NUMBER_OF_REVIEWS,PRICES
0,https://www.amazon.in/American-Tourister-AMT-SCH-02/dp/B07CJCGM1M,American Tourister 32 Ltrs Black Casual Backpack (AMT FIZZ SCH BAG 02 - BLACK),4.1,51353,1299
1,https://www.amazon.in/Wesley-Milestone-Waterproof-Backpack-Business/dp/B084JGJ8PF,Wesley Milestone 2.0 Casual Waterproof Laptop Backpack/Office Bag/School Bag/College Bag/Business Bag/Travel Backpack (Dimensions:13x18 inches) (Compatible with 39.62cm(15.6inch laptop) 30 L (Blue & black),4.3,9221,565
2,https://www.amazon.in/Skybags-Brat-Black-Casual-Backpack/dp/B08Z1HHHTD,Skybags Brat Black 46 Cms Casual Backpack,4.1,3364,669
3,https://www.amazon.in/ADISA-Laptop-Backpack-Office-College/dp/B09TPX22NF,ADISA 15.6 inch Laptop Backpack Office Bag College Travel Back Pack 32 Ltrs (z-Navy Blue),3.9,461,499
4,https://www.amazon.in/AirCase-C34-Laptop-Backpack-Women/dp/B07QN4KXWG,"AirCase Laptop Bag Backpack Case Pouch for Laptop Backpack for Men & Women,Premium Vegan Leather",3.9,709,999
5,https://www.amazon.in/Backpack-Small-Black-Water-Repellant/dp/B088XB5XY8,"Mi Step Out 12 L Mini Backpack (Small Size, Black, Water Repellant)",4.1,7623,356
6,https://www.amazon.in/Safari-Backpack-Resistant-Polyester-Travelling/dp/B09B26VHXV,"Safari Flash Casual Backpack, 26 ltr Water Resistant Travel Bags| Weight Polyester Bagpack for Men and Women, Spacious Shoulder Bag for College, Office, Travelling and Camping",3.9,2180,699
7,https://www.amazon.in/Safari-Spartan-Water-Resistant-Backpack/dp/B09B26MB5M,"Safari Spartan 21 Ltrs Water Resistant Backpack - Blue, S (SPARTAN19CBBLU)",3.8,628,599
8,https://www.amazon.in/Kleider-Travel-Business-Messenger-Shoulder/dp/B084ZHP97M,DEIN KLEIDER Men's Nylon Messenger Bag,4.0,4395,349
9,https://www.amazon.in/Half-Moon-Backpack-Luggage-Compartment/dp/B09VCLZ3K4,Half Moon Large 37L Laptop Bag Backpack for menं Women Boys and Girls Luggage Travel Bags with 17.3 inches Laptop Compartment & Rain Cover,3.9,2124,849
10,https://www.amazon.in/Wesley-Milestone-Waterproof-Backpack-Business/dp/B07K8KLB3P,"Wesley Unisex Milestone Casual Waterproof Laptop Office School College Business Travel Backpack 25 L (Dimensions: 12.5x18 inches) (Compatible with 15.6 inch laptops), Navy Blue",4.3,12103,498
11,https://www.amazon.in/Step-Backpack-Small-Water-Repellant/dp/B088XH1BP7,"Mi Step Out 12 L Mini Backpack (Small Size, Dark Blue, Water Repellant)",4.1,7623,299
12,https://www.amazon.in/Safari-Laptop-Backpack-Resistant-Fabric/dp/B09B25Z8M2,"Safari Quill Laptop Backpack 26 Ltrs Water Resistant Fabric - Black, L (QUILL19CBBLK)",3.9,675,899
13,https://www.amazon.in/Bennett-Mystic-Shoulder-Messenger-Repellent/dp/B08X2T2M8G,Bennett™ Mystic Formal Business Briefcase Bag Crossbody Messenger College Bags For Men Women MacBook INoteBook ITablet Laptop Upto 15.6 Inch | Handbags with Shoulder Straps (Blue) 6 Months Warranty,4.1,4857,512
14,https://www.amazon.in/Inovera-Label-Women-Handbags-Shoulder/dp/B08CMQD4BC,"INOVERA Faux Leather Women Handbags Shoulder Hobo Bag Purse With Long Strap, 32L x 13B x 30H cm",4.1,6796,1399
15,https://www.amazon.in/Gear-Black-Laptop-Backpack-LBPASPIRE0104/dp/B075MK4TXP,Gear Aspire 30L Water Restant Office Laptop Bag/Backpack for Men/Women/(Black),4.3,4873,1188
16,https://www.amazon.in/Nivia-6853-Polyester-Basic-Duffle/dp/B07FWQ9HRV,NIVIA Basic Duffle Polyester Bag/Gym Bags/Adjustable Shoulder Bag for Men/Duffle Gym Bags for Men/Fitness Bag/Carry Bags/Sports & Travel Bag/Sports Kit/Duffle Bags Travel,4.0,1983,239
17,https://www.amazon.in/Bagneeds-Synthetic-Leather-Briefcase-Messenger/dp/B0855F8174,Bagneeds Men's Black Synthetic Leather Briefcase Best Laptop Messenger Bag Satchel for Men,4.1,3612,664
18,https://www.amazon.in/GEAR-Black-Blue-Backpack-years/dp/B019HA8AYG,Gear CarryOn 16L Foldable Water Resistant School Bag//Backpack/College Bag for Men/Women - Blue Black,3.7,5921,249
19,https://www.amazon.in/Wesley-Waterproof-Backpack-Business-Dimensions/dp/B0BMQ4D59H,Wesley Ignite Casual Waterproof Laptop Backpack/Office Bag/School Bag/College Bag/Business Bag/Travel Backpack (Dimensions:13x18.5 inches) (Compatible with 39.62cm(15.6inch laptop),5.0,3,599
20,https://www.amazon.in/Gear-Classic-Leather-Backpack-LBPCLSLTH0201/dp/B07G4F6XFH,Gear Classic 20L Faux Leather Water Resistant Anti Theft Laptop Bag/Backpack for Men/Women-Brown,4.4,5323,1039
21,https://www.amazon.in/Skybags-Polypropylene-Cms-Travel-DFACN1BLU_Blue/dp/B0B6CH21F9,Skybags Polypropylene 46 Cms Travel Bag(DFACN1BLU_Blue),4.0,23,564
22,https://www.amazon.in/Dell-Pro-Slim-Backpack-15/dp/B07PMQTB6T,"Dell Pro Slim Backpack 15 - PO1520PS - Fits Most laptops up to 38.1 cm (15 inches, Black)",4.4,373,1599
23,https://www.amazon.in/Skybags-Brat-Green-Casual-Backpack/dp/B08Z21W4TG,Skybags Brat Sea Green 46 Cms Casual Backpack,4.1,870,669
24,https://www.amazon.in/American-Tourister-AMT-SCH-BAG01/dp/B07CJCFNZG,American Tourister Casual Backpack,4.1,14187,1239
25,https://www.amazon.in/Nivia-5183-Polyester-Duffle-Medium/dp/B071KNXQ7Y,NIVIA Beast Gym Bag-4 Polyester/Unisex Gym Bags/Shoulder Bag for Men & Women with Separate Shoes Compartment/Carry Gym Accessories/Fitness Bag/Sports & Travel Bag/Sports Kit (Black),4.2,3668,529
26,https://www.amazon.in/Tabelito-Office-Laptop-Briefcase-Women/dp/B08FKXCJNQ,Tabelito® Laptop Bag For Men and women Briefcase 15.6 Inch (39.6 cm) Messenger Side Shoulder Travel bags for mens Water Resistant gifts office bag for men,4.0,2370,549
27,https://www.amazon.in/Capacity-Cosmetic-Portable-Cosmetics-Organizer/dp/B0BR123Z9J,"ZANIC'S Large Capacity Cosmetic Travel Bag, Women's Makeup Travel Bag Portable Leather Cosmetics Bag, Makeup Storage Bags with Handle and Divider, Wide Opening Cosmetic/Makeup Organizer Bags (Pink)",4.6,25,749
28,https://www.amazon.in/BennettTM-Mystic-Shoulder-Messenger-Repellent/dp/B09321GJXZ,Bennett™ Mystic 15.6 inch (39.6cm) Laptop Briefcase Shoulder Sling Office Business Professional Travel Messenger Bag for Men and Women Water Repellent Formal Executive Bags (Grey) 6 Months Warranty,4.1,4857,512
29,https://www.amazon.in/Wildcraft-Packs18-Laptop-Backpack-Streak/dp/B07FC4D9B5,Wildcraft Work Packs'18 21 Ltrs Black Laptop Backpack (Streak Plus),4.4,1884,1444
30,https://www.amazon.in/SAFARI-Ltrs-Casual-Backpack-DAYPACKNEO15CBSEB/dp/B07Q7CNPMV,SAFARI 15 Ltrs Sea Blue Casual/School/College Backpack (DAYPACKNEO15CBSEB),4.0,17771,299
31,https://www.amazon.in/AirCase-C34-Laptop-Backpack-Women/dp/B07QL8633G,"AirCase Laptop Bag Backpack Case Pouch for Laptop Backpack for Men & Women,Premium Vegan Leather",4.0,961,999
32,https://www.amazon.in/Lino-Perros-Womens-Tote-Pink/dp/B07JN9G66H,Lino Perros leatherette Tote Bag,4.3,2533,1123
33,https://www.amazon.in/Chic-Buddy-Waterproof-Swimsuits-Toiletries/dp/B09KSBHC18,"Chic Buddy Waterproof Wet Bag, Washable, Reusable for Travel, Beach, Pool, Stroller, Diapers, Dirty Gym Clothes, Wet Swimsuits, Toiletries",4.5,256,299
34,https://www.amazon.in/Bennett-15-6-inch-College-Repellent-Backpack/dp/B09WZHX3B1,"Bennett Casual Laptop Bag school bags for boys girls 15.6-inch, 25 LTR Office & College bags for mens Water Repellent Backpack for Men & Women (Black)",4.0,347,512
35,https://www.amazon.in/Boldfit-Travel-Accessories-Purse-Mobile/dp/B0BJZQ3ZR9,Boldfit Waist Bag for Men Travel Bag for Men Chest Bag for Men Travel Fanny Pack for Men Waist Bag for Women Side Bag for Men Travel Accessories / Pouch / Hand Purse. Mobile Bag / Money Bag - Black,4.9,275,399
36,https://www.amazon.in/Bennett-15-6-inch-College-Repellent-Backpack/dp/B09WZKHSDR,"Bennett Casual Laptop Bag school bags for boys girls 15.6-inch, 25 LTR Office & College bags for mens Water Repellent Backpack for Men & Women (GREY)",4.0,347,512
37,https://www.amazon.in/Motherly-Diaper-Bags-Travel-Basic/dp/B07PKQ3WJZ,"Motherly Diaper Bags for Mom Travel Basic Edition (Navy Blue,Pack of 1)",4.5,2470,1516
38,https://www.amazon.in/NETTIE-Cotton-Carry-Strap-Drawstring/dp/B08LBT1R9J,NETTIE Cotton Carry Bag with Strap and Drawstring for Yoga Mat- Big Size,4.1,978,198
39,https://www.amazon.in/Nivia-Deflate-5180BK-Polyester-Round/dp/B07222KX3S,NIVIA Deflate Round 01 Polyester Gym Bag/Unisex Gym Bags/Adjustable Shoulder Bag for Men/Duffle Gym Bags for Men/Carry Gym Accessories/Fitness Bag/Sports &Travel Bag/Gym kit Bag,4.2,7165,449
40,https://www.amazon.in/Amazon-Brand-Backpack-15-6-inch-Laptops/dp/B076QFBFRG,"Amazon Brand - Solimo Laptop Backpack for 15.6-inch Laptops (27 litres, Black)",3.8,1215,449
41,https://www.amazon.in/SIDRUM-Shoulder-Adjustable-Compatible-Mirrorless/dp/B09P74TZY8,"SIDRUM WF-18 DSLR/SLR Camera Shoulder Bag Case with Adjustable Shoulder Strap & Rain Cover, Compatible for Nikon, Canon, Sony Mirrorless Cameras - Waterproof - Breathable - Anti Shock (Orange-Black)",4.4,808,664
42,https://www.amazon.in/FUR-JADEN-Backpack-Accessories-Organiser/dp/B0BSHBH9K2,"FUR JADEN 15.6 Inch Smart Laptop Backpack Bag With USB Charging Port, Anti Theft Pocket and Accessories Organiser for Men Women Boys Girls",4.9,41,1199
43,https://www.amazon.in/Baggit-Autumn-Winter-Leather-Womens-Handbag/dp/B08SCDTRKP,Baggit Women Hobo Handbag (ROSE),4.2,177,595
44,https://www.amazon.in/PETRICE-Multifunctional-Travel-Makeup-Organiser/dp/B07W22LC2D,PETRICE Multifunctional Travel Bag Extra Large Makeup Organiser with Hook (Navy Blue),4.2,1770,499
45,https://www.amazon.in/Wesley-Briefcase-Professional-Messenger-Resistant/dp/B08K7PN23C,Wesley Xenon Laptop Bag,4.0,1062,498
46,https://www.amazon.in/Fostelo-CATLIN-Womens-Handbag-Maroon/dp/B079MD5F7R,Fostelo Handbag For Women And Girls | Ladies Purse Faux Leather Satchel Bag | Woman Gifts | Wedding Gifts For Women | Women 3 Compartments Bag | Travel Purse Hobo Bag | 5 Pockets Shoulder Bag,4.1,8912,498
47,https://www.amazon.in/HOT-DELIVERY-BAG-Insulated-waterproof/dp/B08VJ4VWGZ,"HOT DELIVERY BAGS Insulated and Waterproof Door Hanging Bag for Milk Sachets and Bottles Storage, Durable and Light Weight (Sea Green)",4.5,250,649
48,https://www.amazon.in/Shalimar-Capacity-Travel-Storage-Duffel/dp/B09TPHFMX7,"SHALIMAR large capacity Travel bag / Storage bag / Move-in bags/ Duffel Bag - Strong, Durable , Foldable and Water Resistant ( Pack of 1 ) ( Blue )",4.1,268,247
49,https://www.amazon.in/Tabelito-Laptop-Backpack-15-6-inch-Repellent/dp/B08Y3KCN32,"Tabelito® Casual Laptop Bag 15.6-inch(39.6cm), 25 LTR Water Repellent Backpack Office College School Business Travel Bags for Men Women Boys & Girls (Blue)",4.2,1498,548
50,https://www.amazon.in/VIP-Endura-Puller-Brown-Duffle/dp/B0B527KJQZ,VIP Polypropylene 48 Cms Travel Bag(DFENDEBRN_Brown),4.3,334,899
51,https://www.amazon.in/Step-Backpack-Small-Water-Repellant/dp/B088XG77KN,"Mi Step Out 12 L Mini Backpack (Small Size, Red, Water Repellant)",4.1,7623,254
52,https://www.amazon.in/American-Tourister-Polypropylene-LG4-002_Crimson/dp/B0BB2LKNXG,American Tourister KAMILIANT Polypropylene Hard 68 cms Luggage (LG4 (0) 00 002_Crimson)(46×68×28) cm Travel Bag,4.2,119,2899
53,https://www.amazon.in/Wildcraft-Turnaround-Polyester-Laptop-8903340000000/dp/B012D4QWES,Wildcraft Turnaround Polyester 14 inch 27 Ltrs Blue Laptop Bag (8903340000000),4.3,3183,1695
54,https://www.amazon.in/ALIZA-Womens-Tote-Bag-Black/dp/B08JJ8RQNR,ALIZA Women's Tote Bag,4.0,7623,426
55,https://www.amazon.in/WILD-MODA-Womens-Shoulder-Turquoise/dp/B099PLT91X,"WILD MODA Women's Shoulder Bag, Set of 1",4.3,3314,849
56,https://www.amazon.in/Lavie-Malgana-Womens-Tote-Black/dp/B07PKHC72N,Lavie Women's Malnov Tote Bag | Ladies Purse Handbag,4.1,4825,1013
57,https://www.amazon.in/EcoRight-Womens-Reusable-Ecofriendly-0202F01/dp/B06XRQRDCY,"Eco Right Large Tote Bag for Women with Zip, Stylish Cotton Handbags, Canvas Tote Bags for College",4.1,7076,519
58,https://www.amazon.in/HP-Lightweight-300-Grey-Backpack/dp/B08CY44PVD,HP Lightweight 300 Grey Laptops Backpack with Crafted Cable Pass Through and Padded Shoulder Straps,4.1,66,1002
59,https://www.amazon.in/Isle-Locada-Hidesign-Womens-Purple/dp/B07T97R1H1,Isle Locada by Hidesign Women's SLING BAG(AUBERGINE/AUBERG),4.5,341,1599
60,https://www.amazon.in/Wesley-briefcase-professional-Briefcase-messenger/dp/B0BJVDN7VT,Wesley office Laptop Bag briefcase notebook professional business 15.6 Inch Briefcase messenger sling Water resistant Laptop Bag Tablet Business Carrying Handbag for Women and Men (Charcoal Black),4.0,1062,471
61,https://www.amazon.in/YuvKuz-TM-Infocus-Digitizer-Assembly/dp/B07MXNWTB2,Lavie Women's Nova Tote Bag | Ladies Purse Handbag,4.2,7318,824
62,https://www.amazon.in/Osaka-Pro-Waterproof-Accessories-Others-Made/dp/B081Z1TVPQ,"Osaka Pro Series-11 Waterproof DSLR Backpack Camera Bag, Lens Accessories Carry Case for Nikon, Canon, Olympus, Pentax & Others-Made in India",3.9,553,880
63,https://www.amazon.in/Baggit-Womens-Hobo-Handbag-Green/dp/B097C2T2DS,Baggit Women's PEPSI Sling Bag,4.3,1923,812
64,https://www.amazon.in/Lenovo-Laptop-Backpack-15-6-Inch-GX40Q17225/dp/B075Y72PHZ,Lenovo Casual Laptop Backpack B210 15.6-inch(39.6cm) Water Repellent Black,4.2,53029,1011
65,https://www.amazon.in/Baggit-Womens-Satchel-Handbag-Grey/dp/B098TKJG1L,Baggit Women's Sling Bag (Grey),4.3,777,837
66,https://www.amazon.in/SIDRUM-Shoulder-Adjustable-Compatible-Mirrorless/dp/B09SHTBFQF,"SIDRUM DSLR/SLR Camera Shoulder Bag Case with Adjustable Shoulder Strap & Rain Cover, Compatible for Nikon, Canon, Sony Mirrorless Cameras - Waterproof - Breathable - Anti Shock (Orange-Black-Large)",4.4,808,949
67,https://www.amazon.in/Fostelo-Style-Diva-Womens-Handbag/dp/B00Z0NMFKU,Fostelo Handbag For Women And Girls | Ladies Purse Faux Leather Satchel Bag | Woman Gifts | Wedding Gifts For Women | Women 2 Compartments Bag | Travel Purse Hobo Bag | 4 Pockets Shoulder Bag,3.9,6988,498
68,https://www.amazon.in/House-Quirk-Hanging-Toiletry-Organizer/dp/B072MH8KBB,"House of Quirk Hanging Travel Toiletry Bag, Waterproof Dopp Kit for Shaving Makeup Accessories, Men Cosmetic Organizer with Large Capacity, for Gym, Camping - Black",4.0,1921,399
69,https://www.amazon.in/ASTRID-Womens-Round-Sling-Pompoms/dp/B08VS8JBNK,ASTRID Women's Round Sling Bag with Pompoms (Brown),4.4,295,499
70,https://www.amazon.in/Gear-Beige-Casual-Backpack-BKPTRMP520522/dp/B00VWM11HQ,Gear Triumph 26L Water Resistant School Bag//Backpack/College Bag for Men/Women - Navy Blue,4.2,5373,769
71,https://www.amazon.in/Lavie-Spring-Summer-Womens-Sling/dp/B081KGQ3M4,Lavie Women's Medium Mamo Dome Sling Bag | Ladies Purse Handbag | Crossbody Sling Strap,4.0,1372,658
72,https://www.amazon.in/Storage-Disposable-Freezer-Feeding-Transparent/dp/B099ZZ57FT,"LuvLap Baby Breast Milk Storage Bags (Pack of 25), BPA Free Disposable Milk Freezer Bags for Breast Feeding, Transparent",4.3,516,308
73,https://www.amazon.in/Baggit-Womens-Laptop-Bag-Large/dp/B0BNTL7Z7J,Baggit Women's Laptop Bag - Large (Blue),5.0,1,1217
74,https://www.amazon.in/Veneer-Business-Briefcase-Resistant-Messenger/dp/B08Z619V6Z,"Veneer Laptop Bag 15.6 Inch, Business Briefcase for Men Women, 15inch Water Resistant Messenger Shoulder Bag with Strap, Durable Office Bag, for Computer/Notebook/MacBook",4.2,2883,1055
75,https://www.amazon.in/Amazon-Brand-Womens-Sling-Light/dp/B07YXBTD6Z,Amazon Brand - Eden & Ivy Women's Sling Bag,4.3,608,558
76,https://www.amazon.in/Leatherette-Executive-messenger-multiple-compartments/dp/B099NM8621,"Zipline Synthetic Leather Executive SMALL messenger bag Briefcase for upto 13"" Laptop/Tablet for men women with multiple compartments (1-Tan Bag)",3.9,335,938
77,https://www.amazon.in/PALAY%C2%AE-Crossbody-Mobile-Leather-Shoulder/dp/B09GYGRB56,PALAY Women's Small Cross-Body Phone Bag Stylish PU Leather Mobile Cell Phone Holder Pocket Purse Wallet Sling Bag Mini Shoulder Bags,4.3,1040,784
78,https://www.amazon.in/F-Gear-Tycoon-Laptop-Backpack/dp/B071XJ6XV5,F Gear Tycoon 27 Liters Laptop Backpack Sch Bag(Black),4.4,202,1168
79,https://www.amazon.in/Wesley-Milestone-Waterproof-Backpack-Business/dp/B085S444JV,"Wesley Milestone 2.0 Casual Waterproof Laptop Backpack/Office Bag/School Bag/College Bag/Business Bag/Travel Backpack (Dimensions:13x18 inches) (Compatible with 39.62cm(15.6inch laptop) 30 L, Charcoal black",4.3,9221,565
80,https://www.amazon.in/Safari-45L-21-OB-BLK/dp/B07BZ5VC4H,Safari Seek 45 Ltrs Overnighter Expandable Travel Laptop Backpack,4.5,6426,2079
81,https://www.amazon.in/ADISA-SL5022-black-women-girls/dp/B07NPXWFXX,ADISA Women's & Girls' Sling Bag,4.1,2770,495
82,https://www.amazon.in/Eco-Right-Womens-Stylish-Crossbody/dp/B0B1VF26KM,"Eco Right Crossbody Box Sling Bags for Women & Men, Side Purse for Women Stylish Latest",4.1,38,1699
83,https://www.amazon.in/Rabbit-Caramello-Backpack-Multi-Function-Waterproof/dp/B07FHXNPCH,"R for Rabbit Caramello Delight Diaper Bag Backpack -Multi-Function Waterproof Mother Bag for Travel with Baby - Large Capacity, Durable and Stylish.(Grey Black)",4.4,790,1999
84,https://www.amazon.in/Nivia-5177BK-Polyester-String-Black/dp/B071XM6PSM,Nivia Polyester String Bag,4.1,968,139
85,https://www.amazon.in/HP-Lightweight-100-Black-Backpack/dp/B08CY1YXCK,HP 100 Lightweight Backpack for 15.6-inch Laptop with Elastic and Padded Shoulder Straps (Black),4.0,516,899
86,https://www.amazon.in/Pigeon-Breast-Milk-Storage-Pieces/dp/B01M5DGMZ9,"Pigeon Breast Milk Storage Bag,Secure Seal & easy Storage,Hygienic Breast Milk Storage,Leak Proof,Zipper Zeal Breast Milk Storage,5 pcs",4.3,442,115
87,https://www.amazon.in/Lenovo-Professional-Backpack-Water-resistant-Uncompromised/dp/B08R7S55H4,"Lenovo 15.6"" Professional Backpack, Made in India, Water-resistant,Uncompromised storage, Travel friendly:Fleece-lined PC compartment,Vented,Padded BackPanel & Adjustable shoulder straps,Luggage strap",4.2,695,1337
88,https://www.amazon.in/TULMAN-Stylish-Messenger-Shoulder-Bag/dp/B07Q74QLHT,TULMAN Canvas Travel Sling Bag Cross Body One side Shoulder College Bag for Men & Women - 30 x 13 x 26 CM - Olive Green,4.1,366,799
89,https://www.amazon.in/Kuber-Industries-Transparent-Resistant-Handle-Set/dp/B08WK5QJ5D,Kuber Industries Travel Toiletry Bag|Undergarments Organizer Bag|Makeup Bags|Transparent Shaving Bag for Men|Water Resistant with Zipper and Handle|Set of 2 (Cream),4.0,40,174
90,https://www.amazon.in/ASTRID-Black-Textured-Laptop-Accessory/dp/B09Z2G37YY,ASTRID Women's 17'' Black and White Textured Laptop Bag With Accessory Pouch,3.9,55,999
91,https://www.amazon.in/American-Tourister-Polypropylene-LG4-08/dp/B0BB2LX7LW,American Tourister Polypropylene Hard 68 cms Luggage- Suitcase(LG4 (0) 08 002_Iron Grey),4.0,152,2899
92,https://www.amazon.in/F-Gear-Luxur-Brown-Backpack/dp/B01F7AX9ZA,F Gear Luxur Brown 25 liter Laptop Backpack (2404),4.4,16286,1083
93,https://www.amazon.in/Gear-Black-Casual-Backpack-MDBKPECO50104/dp/B0757MBSS6,Gear Casual Backpack,3.8,2038,429
94,https://www.amazon.in/Tabelito-Laptop-Backpack-15-6-inch-Repellent/dp/B08Y5S6C2P,"Tabelito® Casual Laptop Bag 15.6inch (39.6 cm) , 25 LTR Office College School Bags Business Travel Backpack for Men Women Water Resistant Bags(BLACK)",4.2,1498,548
95,https://www.amazon.in/ADISA-SL5038-women-girls-sling/dp/B08Q4FHQLN,ADISA Women's Sling Bag,4.0,2560,575
96,https://www.amazon.in/American-Tourister-27O-70-003/dp/B073XL19QZ,American Tourister Jamaica 80CM Wine RED Soft Suitcase,4.3,5234,5499
97,https://www.amazon.in/Bennett-15-6-inch-Repellent-Backpack-ben_cas_blue/dp/B09WZKB54G,"Bennett Laptop Bag for Menं & Women 15.6 inch, 35 L Water Resistant Bag Laptop Apple / Dell / Lenovo / Asus / Hp / Samsung / Mi / MacBook / Ultrabook / Thinkpad / Ideapad / Surfacepro (Blue)",4.0,347,512
98,https://www.amazon.in/PALAY%C2%AE-Multifunctional-Pattern-Accommodate-Shoulder/dp/B09FJZJVP8,PALAY® Crossbody Phone Bags For Women 3 Layers Small Multifunctional Mobile Pouch Sling Bags For Girls Latest Travel Cell Phone Purses Pouch Sport Shoulder Bag,4.4,276,552
99,https://www.amazon.in/EAYIRA-Portable-Multifunctional-Organizer-Cosmetic/dp/B07QYVX5FT,EAYIRA Hanging Travel Toiletry Kit Bag Cosmetic Make up Organizer Multifunction Portable Makeup Pouch for Women and Girls Waterproof Ladies Case Travelling Storage Inner Ware Up Brush Kit Holder,3.9,747,380
100,https://www.amazon.in/Gear-Vintage2-Leather-Backpack-LBPVG2LTH0501/dp/B07G4HH78P,Gear Vintage2 28L Faux Leather Water Resistant Anti Theft Laptop Bag/Backpack for Men/Women-Navy,4.4,3056,999
101,https://www.amazon.in/Capacity-Cosmetic-Portable-Cosmetics-Organizer/dp/B0BK922Y5N,"Large Capacity Cosmetic Travel Bag, Women's Makeup Travel Bag Portable Leather Cosmetics Bag, Makeup Storage Bags with Handle and Divider, Wide Opening Cosmetic/Makeup Organizer Bags(Pink)",4.3,107,799
102,https://www.amazon.in/Kleider-Utility-Business-Messenger-Shoulder/dp/B09RQNP9KT,Dein Kleider Nylon Sling Cross Body Utility Travel Office Business Messenger one Side Shoulder Bag for Men and Women,4.1,431,349
103,https://www.amazon.in/Red-Lemon-Polyester-15-6-inch-Waterproof/dp/B07XYY2FW4,Red Lemon Polyester Bange Series 15.6inch Laptop Bag for Men 35 LTR Capacity Daily Office Bag for Men and Women Black (1903),4.2,152,2849
104,https://www.amazon.in/Gear-Training-Travel-Black-Grey-DUFCRSTNG0104/dp/B098FFTDKT,Gear Polyester 23 Cms Travel Bag(DUFCRSTNG0104_Black),4.3,1856,519
105,https://www.amazon.in/Chic-Buddy-Waterproof-Swimsuits-Toiletries/dp/B0B25B5PB6,"Chic Buddy Waterproof Wet Bag, Washable, Reusable for Travel, Beach, Pool, Stroller, Diapers, Dirty Gym Clothes, Wet Swimsuits, Toiletries",4.5,256,299
106,https://www.amazon.in/Alifiya-Polyester-MacBook-Charger-Grey_L26/dp/B09GP79C4C,Alifiya Polyester MacBook Laptop Sleeve Bag 16 Inch with Charger Pouch (Grey_L26),4.2,90,384
107,https://www.amazon.in/Protecta-Professional-15-6-inch-Briefcase-Geometric/dp/B07GNCRCP4,Protecta The Professional Laptop Bag Briefcase for Laptops with Screen Size Up to 15.6 Inch (Black & Indian Geometric Print),4.4,1381,699
108,https://www.amazon.in/Lavie-Broxa-Flap-Womens-Sling/dp/B08QTF8RPM,Lavie Women's Broxa Flap Over Sling Bag | Ladies Purse Handbag,4.2,5529,1217
109,https://www.amazon.in/StarX-Compact-Nylon-Mesh-Medium-Orange/dp/B01NBTOX54,StarX Nylon 15 Cms Gym Bag(Orange Bag_Orange),3.7,134,237
110,https://www.amazon.in/AirCase-C17-Laptop-Sleeve-Handle/dp/B07FJV79CX,"AirCase Sleeve Messenger Bag with Handle & Detachable Shoulder Strap |for Upto 14"" Laptop/ MacBook | 3-in-1 use | 3 Zippered Spacious Pockets | Durable Nylon Padded Fabric, for Men & Women (Black)",4.2,2784,849
111,https://www.amazon.in/Wooum-Business-Messenger-Shoulder-9x3-56inch/dp/B09KV1PFHV,wooum Small Size Sling Cross Body Travel Office Business Messenger one Side Shoulder Pouch Bag Money Bag for Men and Women (9x3.56inch),4.0,1171,328
112,https://www.amazon.in/Nivia-5177SB-Polyester-String-Blue/dp/B071XMLFTL,NIVIA String Bag/Drawstring Bag/Sports Bag Boys/Polyester String Bag/Kit Bags/Drawstring Sports Bag/Dori Backpack/Gym Bag/String Bag Men Waterproof/Drawstring Backpack (Sky Blue),4.2,444,193
113,https://www.amazon.in/Chic-Buddy-Waterproof-Swimsuits-Toiletries/dp/B0B25B5PB6,"Chic Buddy Waterproof Wet Bag, Washable, Reusable for Travel, Beach, Pool, Stroller, Diapers, Dirty Gym Clothes, Wet Swimsuits, Toiletries",4.5,256,289
114,https://www.amazon.in/Tabelito-Laptop-Backpack-15-6-inch-Repellent/dp/B08Y3L4PHK,Tabelito® Casual 15.6 Inch (39.6 cm) Water Repellent Laptop Backpack Office College School Business Travel Bag Suitable for Men Women Boys & Girls Capacity 25 Litre (Grey),4.2,1498,549
115,https://www.amazon.in/Mi-Business-Casual-Resistant-Backpack/dp/B07YY6PTMN,Mi Business Casual 21L Water Resistant Laptop Backpack (Dark Grey),4.4,6047,999
116,https://www.amazon.in/wooum-Resistant-Material-Messenger-Compartment/dp/B0BQFHN15L,wooum Water Resistant Material Sling Bag/One Side Bag/Shoulder Bag/Messenger Bag/Office Messenger Bag/Travel Side Bag with 14.1 Inch Laptop Compartment -,4.0,201,474
117,https://www.amazon.in/ADISA-Womens-Sling-SL5059-CRE_Off-White/dp/B09154JPWQ,ADISA Women's Quilted Cross Body Sling Bag,4.1,2146,495
118,https://www.amazon.in/AirCase-C25-Messenger-Shoulder-Compartments/dp/B07X6DV3VM,"AirCase Office Messenger Sling Bag fits upto 15.6"" Laptop/Macbook, Detachable Shoulder Strap, Waterproof, Shockproof, Carry Handle with Spacious Pockets, For Men & Women",4.0,572,949
119,https://www.amazon.in/Nivia-6853BKGR-Polyester-Black-Grey/dp/B07NLB6FRS,NIVIA Basic Duffle Polyester Bag/ Gym Bags/ Adjustable Shoulder Bag for Men/ Duffle Gym Bags for Men/ Fitness Bag/ Carry Bags/ Sports & Travel Bag/ Sports Kit/ Duffle Bags Travel (Black/Grey),3.9,327,239
120,https://www.amazon.in/Gear-Vintage2-Leather-Backpack-LBPVG2LTH0201/dp/B07G4D13L7,Gear Vintage2 28L Faux Leather Water Resistant Anti Theft Laptop Bag/Backpack for Men/Women-Brown,4.4,3581,949
121,https://www.amazon.in/F-Gear-Raider-Marpat-Navy-Backpack/dp/B07F1157TV,F Gear Raider 30 Liter Backpack with Rain Cover (.Marpat Navy Digital Camo),4.2,2869,822
122,https://www.amazon.in/ADISA-SL5013-black-women-girls/dp/B07DVM41CW,ADISA Women's Sling Bag,4.0,2083,495
123,https://www.amazon.in/Business-Shoulder-Leather-Material-Resistant/dp/B07MH9SV9L,ZOUK Orange Wave Printed Handmade Vegan Leather Women's Office Bag for 15.6 inch Laptop with Double Handles - Tidalwave,4.4,1692,1699
124,https://www.amazon.in/F-Gear-String-Polyester-33-cms-Black-Drawstring-Gym-Bag/dp/B07PC28YQ9,F Gear String 11 Ltrs Nylon Black Gym Bag,4.0,415,189
125,https://www.amazon.in/VIFITKIT-Multi-Purpose-Spacious-Storage-Compartment/dp/B0B4BL4RLC,"VIFITKIT Gym Bag for Men & Women, Duffel Bag, Multi-Purpose Bag with Spacious Storage Compartment & Durable Zipper Closure (22.5 litres, Black)",4.1,33,299
126,https://www.amazon.in/BROGBUS-Business-Messenger-Sling-10-05inch/dp/B09QLD9GJY,BROGBUS Leather Men Bag Business Messenger,4.1,367,989
127,https://www.amazon.in/Storite-Leather-Laptop-Bag-inch/dp/B081GQJLD2,"Storite PU Leather 14 inch Laptop Messenger Organizer Bag/Shoulder Sling Office Bag for Men & Women – (37x 27x7 cm,Light Brown)",4.0,1531,999
128,https://www.amazon.in/Lenovo-Laptop-Backpack-15-6-Inch-GX40Q17227/dp/B075Y6SRMG,Lenovo Casual Laptop Backpack B210 39.62 cm (15.6) -inch Water Repellent Grey,4.2,53029,1008
129,https://www.amazon.in/Kleider-Nylon-Travel-Mobile-Messenger/dp/B08V5B5G14,DEIN KLEIDER Nylon Cross Body Travel Mobile Pouch Sling Messenger Bag for Women,4.2,1329,259
130,https://www.amazon.in/Safari-Casual-Backpack-Charging-Resistant/dp/B09B2581S9,"Safari Sneak Casual Backpack with USB Charging Port 26 Ltrs Water Resistant Fabric - Grey, L (SNEAK19CBGRE)",3.7,762,899
131,https://www.amazon.in/Gear-Superior-Casual-Backpack-BKPSPRIOR0001/dp/B08GY2ZN96,Gear Superior 16LWater Resistant School Bag//Backpack/College Bag for Men/Women - Black,3.9,216,395
132,https://www.amazon.in/Tommy-Hilfiger-Polyester-TH-KENDALL0815/dp/B082PFY9VC,Tommy Hilfiger Polyester 53 cms Navy + White Gym Shoulder Bag (TH/KENDALL0815),4.4,63,1799
133,https://www.amazon.in/ASTRID-Blue-Textured-Cotton-Pouch/dp/B08W431L94,ASTRID Blue Textured Cotton Tote Bag With Coin Pouch,4.4,219,711
134,https://www.amazon.in/Skybags-Unisex-Grey-Jacqard-Laptop/dp/B09ZV9SLBJ,Skybags Unisex Grey Jacqard 34L Laptop Bags,4.4,12,1155
135,https://www.amazon.in/ZIBUYU%C2%AE-Handbag-Fashion-Shoulder-Crossbody/dp/B0B3MTSRFK,ZIBUYU® Tote Handbag for Women Fashion Faux Leather Tote Bag Classic Shoulder Crossbody Bags for Lady Girl Solid Color,3.9,38,1322
136,https://www.amazon.in/Step-Backpack-Small-Water-Repellant/dp/B088X9M73T,"Mi Step Out 12 L Mini Backpack (Small Size, Sky Blue, Water Repellant)",4.1,7623,299
137,https://www.amazon.in/House-Quirk-Electronics-Accessories-Organizer/dp/B07MMGBD1J,"House of Quirk Electronics Accessories Organizer Bag, Universal Carry Travel Gadget Bag for Cables, Plug and More, Perfect Size Fits for Pad Phone Charger Hard Disk - Dark Blue",4.3,6463,499
138,https://www.amazon.in/Hoteon-Backpack-Anti-Theft-Earphone-Resistant/dp/B08HM4TQZZ,"Golden Wolf Laptop Bag Anti-theft Backpack with Lock College School Laptop Backpack with Rain Cover Water Resistant Business Backpack with USB Port for 15.6-inch Laptop 25 L Travel Bag for Women and Men Gifts, Dark Grey",4.4,3186,1999
139,https://www.amazon.in/SIDRUM-D2-Adjustable-Compatible-Mirrorless/dp/B09KH6CN1M,"SIDRUM D2 DSLR/SLR Camera Shoulder Bag Case with Adjustable Shoulder Strap, Compatible for Nikon, Canon, Sony Mirrorless Cameras - Waterproof - Breathable - Anti Shock (Grey)",4.4,158,664
140,https://www.amazon.in/Motherly-Stylish-Babies-Diaper-Mothers/dp/B07DMKJJB4,motherly 25 ltrs (25 Cms) backpack(5860_grey),4.6,5399,1716
141,https://www.amazon.in/Mammon-Womens-Leather-Handbag-4-teddy-pink/dp/B08N5F7P68,Mammon Women's PU Leather Handbag Combo,3.4,6904,636
142,https://www.amazon.in/AirCase-Messenger-13-Inch-14-Inch-MacBook/dp/B07WS6HTHY,"AirCase C26 13.3 Inch/14 Inch Messenger Laptop Bag with Shoulder Strap, Water resistant, Handle and 2 Multi Utility Compartments (Black)",4.1,2562,949
143,https://www.amazon.in/Storage-Disposable-Freezer-Feeding-Transparent/dp/B099ZVTNCP,"LuvLap Baby Breast Milk Storage Bags (Pack of 50), BPA Free Disposable Milk Freezer Bags for Breast Feeding, Transparent",4.3,516,549
144,https://www.amazon.in/Isle-Locada-Hidesign-Womens-Sling/dp/B07SYJL1P7,Hidesign Women Sling Bag (Blue),4.4,102,1999
145,https://www.amazon.in/Nivia-5177RD-Polyester-String-Bag/dp/B07NNJKQQY,Nivia 5177RD Polyester String Bag (Red),4.0,250,193
146,https://www.amazon.in/Okami-Wolf-unisex-adult-Messenger-Protection/dp/B0B7521SSD,Okami Wolf unisex-adult ZenPack Laptop Messenger Bag With USB Fast Charger and RFID Protection ( Black),4.4,36,3499
147,https://www.amazon.in/Wooum-Resistance-Laptop-Messenger-Briefcase/dp/B09BW4D31Z,wooum 15.6 Inch Water Resistance Laptop Messenger Bag/Laptop Briefcase/Laptop Sling bag/Laptop Side Bag for Men and Women (Dark Grey),4.1,403,597
148,https://www.amazon.in/Gear-Classic-Leather-Backpack-LBPCLSLTH0519/dp/B07G4JQX2F,Gear Classic 20L Faux Leather Water Resistant Anti Theft Laptop Bag/Backpack for Men/Women-Navy,4.4,5985,999
149,https://www.amazon.in/Gear-Vintage2-Leather-Backpack-LBPVG2LTH0101/dp/B07G44G1DC,Gear Vintage2 28L Faux Leather Water Resistant Anti Theft Laptop Bag/Backpack for Men/Women-Black,4.4,1631,999
150,https://www.amazon.in/Gear-Executive-Anti-Theft-Backpack-BKPPKREXE0101/dp/B097KCMQKG,Gear Parker 23L Water Resistant Anti Theft Laptop Bag/Backpack for Men/Women - Black,4.3,300,649
151,https://www.amazon.in/Isle-Locada-Hidesign-Womens-Sling/dp/B07L6NGWLP,Hidesign Women Sling Bag (Blue),4.4,250,1499
152,https://www.amazon.in/Classic-Leather-Laptop-Backpack-LBPCLSLTH1901/dp/B07G4CYC74,Gear Classic 20L Faux Leather Water Resistant Anti Theft Laptop Bag/Backpack for Men/Women-Tan,4.4,2267,999
153,https://www.amazon.in/Gear-Black-Casual-Backpack-BKPCMPUS10110/dp/B00Z9427SK,Gear Campus1 22L Water Resistant School Bag/ College Bag/ Backpack For Men/Women-Black Royalblue,4.3,3831,649
154,https://www.amazon.in/Isle-Locada-Hidesign-Womens-Shoulder/dp/B07Z5BYH24,Isle Locada by Hidesign Women's SLING BAG(BORDEX/MARSALA),4.1,142,2999
155,https://www.amazon.in/Safari-Formal-Backpack-Anti-Theft-VAULT19CBBLK/dp/B07XSTR69N,"Safari 48 Cms Black Formal/Office/Laptop Backpack With Anti-Theft, Lock, Usb And Rfid (Vault19Cbblk)",4.0,782,1197
156,https://www.amazon.in/Lino-Perros-Womens-Sling-Gold/dp/B07MV38P1L,Lino Perros Faux Leather Sling Bag,3.9,193,940
157,https://www.amazon.in/Tabelito-Office-Laptop-Briefcase-Women/dp/B08FL584Z4,Tabelito® Laptop Bag For Men and women Briefcase 15.6 Inch (39.6 cm) Messenger Side Shoulder Travel bags for mens Water Resistant gifts office bag for men,3.8,1404,549
158,https://www.amazon.in/LL-LEATHER-LAND-DESIGNER-BAGS/dp/B0BD4TTDHD,LL LEATHER LAND DESIGNER BAGS Sling Bag_SLG_90,4.0,1547,299
159,https://www.amazon.in/Business-Casual-Resistant-Laptop-Backpack/dp/B0862V2GKH,Mi Business Casual 21L Water Resistant Laptop Backpack (Blue),4.4,6047,999
160,https://www.amazon.in/Farraige%C2%AE-Silicone-Crossbody-Waterproof-Stationery/dp/B0B4G8W6MQ,Farraige® Cartoon Soft Silicone Bag Crossbody Shoulder Bag Purse Waterproof Anti Fall Stationery Storage Bag Handbag Sweet Birthday Gift for Children Students Girls,4.7,20,598
161,https://www.amazon.in/Gear-Green-Casual-Backpack-BKPECOBP40503/dp/B019HA8DQQ,Gear Eco4 19L Water Resistant School Bag//Backpack/College Bag for Men/Women - Navy Blue,4.0,4119,489
162,https://www.amazon.in/Anti-Theft-Backpack-Business-Charging-Student/dp/B07RSJNNZS,"Oscaurt Travel Laptop Backpack, Business High School College Bookbag,Slim Daypack for Women & Men Fit 15.6 Inches Laptop",4.5,882,949
163,https://www.amazon.in/Wooum-Resisitance-Shoulder-Business-Messenger/dp/B0993Q72WD,wooum Water Resisitance Sling Cross Body Bag/One Side Bag/Shoulder Bag/Office Business Messenger Bag/Money Bag for Men and Women - Blue,4.0,575,328
164,https://www.amazon.in/Kuber-Industries-Lightweight-Toiletry-Carrying/dp/B0B45QRYHY,Kuber Industries Rexine Lightweight Travel Toiletry Bag Shaving Kit with Carrying Strap (Grey) 54KM4283,4.1,17,244
165,https://www.amazon.in/AirCase-C30-Messenger-Compartments-Multi-Pockets/dp/B07V57FMBH,"AirCase Laptop Messenger Bag Case Cover Pouch for 13.3-Inch, 14-Inch, 15.6 -Inch Laptop Bag for Men & Women",4.1,480,1199
166,https://www.amazon.in/Isle-Locada-Hidesign-Womens-Sling/dp/B07T22KS9F,Isle Locada by Hidesign Women's SLING BAG(MARSALA),4.3,152,1599
167,https://www.amazon.in/Amazon-Brand-Solimo-Cricket-Black/dp/B08J8L13V5,"Amazon Brand - Solimo Cricket Kit Bag, Black",4.4,38,899
168,https://www.amazon.in/Isle-Locada-Hidesign-Womens-Sling/dp/B07TDTPRJ9,Isle Locada by Hidesign Women's SLING BAG(MARSALA/BROWN),4.5,352,1899
169,https://www.amazon.in/Tabelito%C2%AE-Basic-Laptop-Sleeve-Surfacepro/dp/B09NDTCZ4N,Tabelito® Basic Laptop Bag Sleeve Case Cover Pouch for 15.6 Inch(39.6cm) Laptop Apple / Dell / Lenovo / Asus / Hp / Samsung / Mi / MacBook / Ultrabook / Thinkpad / Ideapad / Surfacepro (Blue),4.2,1819,299
170,https://www.amazon.in/LXE-ECONO-ASHLYN-VINTAGE-BLUE/dp/B09MK23GB8,Baggit Women's Sling Bag,4.4,49,777
171,https://www.amazon.in/Gear-Alphamount-Trekking-Black-Yellow-RKSALPAMT0112/dp/B097KFYPCG,"Gear Alphamount 45L Water Resistant Trekking Travel Rucksack for Men,Women - Black Yellow",4.0,318,849
172,https://www.amazon.in/Marma-Zig-Zag-Sling-Navy/dp/B08KR4WRM6,Lavie Women's Marma Dome Sling Bag| Ladies Purse Handbag,4.0,2788,945
173,https://www.amazon.in/Asus-BP1504-15-6-inch-Laptop-Backpack/dp/B0895ZZHKK,Asus BP1504 39.62 cm (15.6-inch) Laptop Backpack (Dark Grey),4.2,1481,819
174,https://www.amazon.in/Lavie-MARMA-Womens-Sling-Bag/dp/B07KMBX9ZL,Lavie Women's Marma Round Tassel Sling Bag | Ladies Purse Handbag | Crossbody Sling Bag,4.2,546,673
175,https://www.amazon.in/15-6-inch-Briefcase-Resistant-Waterproof-Compatible/dp/B0966F821Q,"SABUZ BAG 15.6-inch Laptop Computer Briefcase,Water Resistant, Business Bag with Waterproof Zipper,Shoulder Bag Handbag,Compatible with laptop MacBook Notebook,for MeN&Women (GREY)",3.7,214,749
176,https://www.amazon.in/Aavishkar-Polyster-Weight-Laptop-Backpack/dp/B08DLL3794,Truvic Polyster Black Light Weight Laptop Bag 30 ltrs Laptop Backpack for Upto 15.6 inch Laptop (Black),3.4,629,599
177,https://www.amazon.in/Roller-Skating-Inline-Skates-Adults/dp/B08C47SFYB,"jaspo Roller Skating Bag, Quad & Inline Skates (Water Resistant), Casual/Office/College Book Backpack Computer/Laptop Bag for Both Kids & Adults Travel Backpack",3.5,56,284
178,https://www.amazon.in/ADISA-Women-Girls-Floral-SL5073-SKY_Sky/dp/B09B56RD6Z,ADISA Women Girls Floral Print Round Sling Bag,4.2,1114,399
179,https://www.amazon.in/Wildcraft-Typo_Blk-Casual-Backpack-11619-Typo_Blk/dp/B079MBFH5V,Wildcraft 35 ltrs (19 Cms) Casual Backpack(11619-Typo_Blk_Black),4.3,339,1298
180,https://www.amazon.in/Gear-Clubsport-Faux-Leather-Black-Red-DUFCLBSRT0109/dp/B097KCLVCP,Gear Clubsport 25 Ltrs Faux-Leather Water Resistant Travel Duffle Bag/Gym Bag for Men/Women - Black Red,4.2,222,699
181,https://www.amazon.in/Zipline-Synthetic-Executive-Briefcase-compartments/dp/B0BL3G2JKV,ZIPLINE Office Laptop Synthetic Leather Executive Formal 15.6 inch Laptop & MacBook Briefcase Messenger/Office/Travel/Business Bag for Men Women with Multiple compartments,4.3,14,1599
182,https://www.amazon.in/AmazonBasics-Casual-Backpack-Office-15-6-inch/dp/B09W4VMZ79,AmazonBasics - Casual Backpack/Office Bag/ for a 15.6-inch Laptop,4.2,384,639
183,https://www.amazon.in/SACCI-MUCCI-Allamanda-Lightweight-SM1-10_magnolia/dp/B09TDNZ88Z,"SACCI MUCCI Women's Rainbow Sling Bag, Handmade Bags for Females - 100% Vegan Leather and Coated Duck canvas Fabric, Lightweight and Durable",4.3,554,499
184,https://www.amazon.in/Nivia-5227-Junior-Others-Orange/dp/B08D7QKCX5,"Nivia 5227 Pulse Junior Bag, Others (Orange) (ORNAGE)",3.7,139,369
185,https://www.amazon.in/Amazon-Basics-Stylish-Backpack-Laptop/dp/B09W4WRV5Q,"Amazon Basics - Laptop Backpack/Travel Backpack/College Bag for 15.6-inch Laptop, Water-Resistant, Stylish Design",1.0,1,1859
186,https://www.amazon.in/Lavie-Betula-Womens-Tote-Black/dp/B08HWFWGNX,Lavie Women's Betula Medium Tote Bag | Ladies Purse Handbag,4.1,18200,1037
187,https://www.amazon.in/Kuber-Industries-Transparent-Waterproof-F_26_KUBBMART017038/dp/B08WK5WQ3K,"Kuber Industries Large Size Crystal Clear Plastic Cosmetic Bags Travel PVC Vinyl Toiletry Bag, Zipper Large Transparent Waterproof Make-Up Case Organizer Bag (Blue) (F_26_KUBBMART017038)",3.8,20,244
188,https://www.amazon.in/Polyester-Crossbody-Messenger-Business-Spacious/dp/B09TL193PL,CRALOFT Polyester Side Bag For Men/Sling Bag/Crossbody Tablet Messenger Bag For Office Business Travel (Extra Spacious),4.3,272,529
189,https://www.amazon.in/Lenovo-GX40Q17226-15-6-Inch-Casual-Backpack/dp/B075Y7H8V6,Lenovo Casual Laptop Backpack B210 39.62 cm (15.6-inch) Water Repellent Blue,4.2,53029,987
190,https://www.amazon.in/Wildcraft-Wolf_Blk-Casual-Backpack-11629-Wolf_Blk/dp/B079DDT65R,Wildcraft 44 Ltrs Casual Backpack (11629-Wolf_Black),4.3,5412,1599
191,https://www.amazon.in/Wildcraft-Solid-Backpack-Navy-11908/dp/B07N1D9LX8,Wildcraft 35 Ltrs 18 inch Backpack (11908 Navy_Navy),4.1,577,1246
192,https://www.amazon.in/Amazon-Brand-Womens-Sling-Mustard/dp/B07XBZR7SR,Amazon Brand - Eden & Ivy Women's Sling Bag,4.1,559,599
193,https://www.amazon.in/Wildcraft-Green-Casual-Backpack-11650-Green/dp/B079DV66TY,Wildcraft 29.5 Ltrs Green Casual Backpack (11650-Green),4.2,310,995
194,https://www.amazon.in/Nelle-Harper-Womens-Shoulder-Dark/dp/B07RBR6NW2,Nelle Harper Women's Handbag,3.9,2815,699
195,https://www.amazon.in/F-Gear-String-LTR-Gym-Bag/dp/B07L4ZNBPQ,F Gear String 13 Ltr Gym Bag (Black),4.2,33,189
196,https://www.amazon.in/Wooum-Resistant-Material-Messenger-Compartment/dp/B09KV7Y3KL,wooum Water Resistant Material Sling Bag/One Side Bag/Shoulder Bag/Messenger Bag/Office Messenger Bag/Travel Side Bag with 14.1 Inch Laptop Compartment -,4.0,201,474
197,https://www.amazon.in/MOCA-Waterproof-Exterior-Velvety-Interior/dp/B09FJT5SJJ,"MOCA Waterproof Nylon Exterior with Soft Velvety Interior Sleeve Bag Pouch Carry Case for 13.3"" to 14 inch Laptops, MacBook (Black, 13.3 Inch)",4.4,2026,1199
198,https://www.amazon.in/Isle-Coco-Hidesign-Womens-Sling/dp/B07L6D1VFK,Hidesign Women Sling Bag (Blue),4.3,128,1599
199,https://www.amazon.in/Isle-Locada-Hidesign-Womens-Sling/dp/B07L6NX9WV,Hidesign Women Sling Bag (Black),4.3,225,1999
200,https://www.amazon.in/Nivia-783-Polyester-Carrying-Balls/dp/B072KWMD1F,"NIVIA ‘Ball Carrying Bag’ for 9 Balls, Polyester, Black",4.4,66,566
201,https://www.amazon.in/Van-Heusen-Woman-Spring-Summer-Burgundy/dp/B07MHFJ167,Van Heusen womens Sling - textured single color belt,4.5,209,1362
202,https://www.amazon.in/PrettyKrafts-Plastic-Travel-Toiletry-Jewellery/dp/B00K2QRH76,PrettyKrafts Plastic Travel Toiletry Bag (Pink) Set of 3 Pieces,4.0,2284,299
203,https://www.amazon.in/HEROZ-Backpack-Resistant-Computer-17-3-inch/dp/B083N53TWB,HEROZ Hacker 50 litres Nylon Travel Laptop Backpack Water Resistant Slim Durable Computer Book Bag Tracking Fits Up to 17.3-inch Laptop (058- All) (Grey & Red),4.1,3683,1519
204,https://www.amazon.in/KILLER-Polyester-Orange-Laptop-Backpack/dp/B07B516P18,KILLER Casual College Bags Munich 29L Trendy Polyester Laptop Backpack,4.2,711,986
205,https://www.amazon.in/Isle-Coco-Hidesign-Womens-Sling/dp/B07L6N38Y3,Hidesign Women Sling Bag (Silver),4.3,70,2299
206,https://www.amazon.in/AmazonBasics-SM1603111P-Camera-Sling-Bag/dp/B01FRDSAYW,"Amazon Basics Camera Sling Bag, for DSLR Camera with Lens, Accessories, Adjustable Padded Strap, Black",4.3,2856,1579
207,https://www.amazon.in/ADISA-Women-Girls-Stripes-SL5100-BRO_Brown/dp/B0BD63DRLZ,ADISA Women Girls Stripes Cross Body Sling Bag,4.3,78,575
208,https://www.amazon.in/F-Gear-Blow-Laptop-Backpack/dp/B078J63VRY,"F Gear Blow Laptop Backpack With Rain Cover 32 Liters (Black,Grey) Sch Bag",4.3,1245,1039
209,https://www.amazon.in/Nivia-5412OG-Polyester-Sports-Orange/dp/B07HCP7W3K,NIVIA Sports Space Polyester Gym Bag/Unisex Gym Bags/Adjustable Shoulder Bag for Men/Duffle Gym Bags for Men/Fitness Bag/Sports and Travel Bag/Sports Kit/Duffle Bags Travel (Orange/Grey),4.1,43,775
210,https://www.amazon.in/Gear-Expandable-RainCover-Grey-Black-TLPTURBO00401/dp/B097KDRZ67,Gear Turbo 45L Expandable Water Resistant Antitheft Laptop Bag/Backpack/Briefcase For Men/Women With Raincover (Grey),4.4,753,1568
211,https://www.amazon.in/uppercase-Backpack-2300EBP1-repellent-sustainable/dp/B0B69M182Q,"uppercase Medium 17 Ltrs Vegan Leather (14.6 inch) Laptop Backpack 2300EBP1 3x more water resistant sustainable bags with rain proof zippers for Men, Women, Boys and Girls, 750 Days warranty (Green)",4.0,108,1600
212,https://www.amazon.in/Clownfish-Trident-Laptop-Briefcase-Messenger/dp/B079HZJTK2,The Clownfish Trident Series Laptop Briefcase 15.6 inch Laptop Bag Messenger Bag (Dark Brown),4.4,236,1819
213,https://www.amazon.in/ADISA-Women-Girls-Floral-SL5073-SKY_Sky/dp/B09B56RD6Z,ADISA Women Girls Floral Print Round Sling Bag,4.2,1114,399
214,https://www.amazon.in/AirCase-C26-Messenger-Laptop-Shoulder/dp/B07P417566,"AirCase Laptop Messenger Bag Case Cover Pouch for 13.3-Inch, 14-Inch Laptop Bag for Men & Women (Blue)",4.1,2562,949
215,https://www.amazon.in/Lavie-Womens-Ushawu-Satchel-Handbag/dp/B0B3JBRB6J,Lavie Women's Ushawu Satchel Bag | Ladies Purse Handbag,4.1,5469,1300
216,https://www.amazon.in/Wildcraft-Ltrs-Blue-Rucksack-8903338073871/dp/B01G5I8YAI,Wildcraft 45 Ltrs Blue Rucksack (8903338073871),4.3,2098,1599
217,https://www.amazon.in/Crafts-My-Dream-Womens-CMD2904/dp/B0100BD0IW,CRAFTS MY DREAM Women's Cross Body (Multicolor) Rose casual sling Bag,4.0,1447,299
218,https://www.amazon.in/Gear-Vintage2-Leather-Backpack-LBPVG2LTH1901/dp/B07G4F3758,Gear Vintage2 Anti Theft Faux Leather 18 cms Tan Laptop Backpack,4.4,1404,989
219,https://www.amazon.in/Lino-Perros-Womens-Sling-Blue/dp/B07GKV281L,Lino Perros Sling bag,4.2,153,889
220,https://www.amazon.in/HP-Odyssey-Backpack-15-6-inch-Laptop/dp/B012K57MYE,HP Odyssey Backpack for 15.6-inch Laptop (Grey/Green),4.5,5131,2459
221,https://www.amazon.in/F-Gear-Enzo-Black-Blue-Waist-Bag/dp/B0862LXJYT,F Gear Enzo Sports Waist Bag (.Black Blue),4.2,1085,212
222,https://www.amazon.in/Safari-Sheild-Resistant-Casual-Backpack/dp/B09B26T7KQ,Safari Sheild 26 Ltrs Water Resistant Casual Backpack - (SHEILD19CBBLK),4.0,1309,699
223,https://www.amazon.in/Lino-Perros-Womens-Handbag-Black/dp/B07L4PQJ42,Lino Perros Faux Leather Handbag,4.3,2420,907
224,https://www.amazon.in/Vector-Polyester-Blitz-Gym-Grey-Orange/dp/B091MYFBBR,Vector X Polyester Blitz Gym Bag (Grey-Orange),3.5,5,299
225,https://www.amazon.in/ASTRID-Blue-Diamond-Textured-Cotton/dp/B08W5DQ33D,ASTRID Blue Diamond Textured Cotton Tote Bag,4.1,74,599
226,https://www.amazon.in/Amazon-Basics-Casual-Backpack-15-6-inch/dp/B09W4WJ1CB,AmazonBasics 20 ltrs (33 Cms)Casual Backpack for 15.6-inch Laptop(CLB-1_black),4.2,384,539
227,https://www.amazon.in/Lavie-Moritz-Womens-Sling-Navy/dp/B07SMBCMG7,Lavie Women's Reptile Woven Texture Sling Bag | Ladies Purse Handbag | Crossbody Sling Strap,4.0,1028,888
228,https://www.amazon.in/Kuber-Industries-Embroidery-Occasions-HS_38_KUBMART21477/dp/B095C9DPDM,"Kuber Industries Embroidery Small Hand Bag, Tote Bag, Purse For Daily Trips, Travel, Office & All Occasions For Women & Girls (Gold)-HS_38_KUBMART21477",3.7,49,126
229,https://www.amazon.in/Messenger-Water-resistant-Briefcase-Multiple-Men-Black/dp/B0B6G58BYC,"Arctic Hunter Laptop Bag,Messenger bags for Men and Women Laptop Sling Bag with Handle Water-resistant Laptop Briefcase for 15.6 inch Laptop Multiple Pockets Travel Office For Men.Black",4.5,34,2849
230,https://www.amazon.in/Messenger-Water-resistant-Briefcase-Multiple-Men-Black/dp/B0B6G58BYC,"Arctic Hunter Laptop Bag,Messenger bags for Men and Women Laptop Sling Bag with Handle Water-resistant Laptop Briefcase for 15.6 inch Laptop Multiple Pockets Travel Office For Men.Black",4.5,34,2849
231,https://www.amazon.in/ADISA-Womens-Girls-Sling-SL5029-CRE_Off-White/dp/B083LCD3L4,ADISA Women's & Girls' Sling Bag,4.0,1535,399
232,https://www.amazon.in/Wildcraft-Ltrs-orange-Rucksack-8903338073864/dp/B01G5I8YLC,"Wildcraft 45 Ltrs Grey and Orange Rucksack (8903338073864), Large",4.3,8681,1749
233,https://www.amazon.in/Lavie-Beech-Womens-Satchel-Handbag/dp/B096KPM1KT,Lavie Women's Beech Satchel Bag | Ladies Purse Handbag,4.2,3620,1197
234,https://www.amazon.in/AirCase-Messenger-15-6-Inch-MacBook-2-Multi/dp/B07WPBDD6D,"AirCase Office Messenger Sling Bag fits upto 15.6"" Laptop/Macbook, Detachable Shoulder Strap, Waterproof, Shockproof, Carry Handle with Spacious Pockets, For Men & Women",3.9,656,949
235,https://www.amazon.in/Shoulder-Lightweight-Duffle-Weekend-Blue-Orange/dp/B09139DYF1,"Aurion Vista Polyester Sports Gym Duffle Bag with Wet Pocket and Shoe Compartment - 1Pc (Blue, 24 Cms) | Lightweight Duffle Bags | Travel Duffel Backpack for Men and Women | Camping | Swimming | Yoga",4.1,976,299
236,https://www.amazon.in/Fristo-FRB-315-Red-Women-Handbag/dp/B07MNRTDK5,Fristo Women's Handbag (FRB-315_Red),3.9,5539,498
237,https://www.amazon.in/AirCase-Messenger-15-6-Inch-MacBook-2-Multi/dp/B07WPBDD6D,"AirCase Office Messenger Sling Bag fits upto 15.6"" Laptop/Macbook, Detachable Shoulder Strap, Waterproof, Shockproof, Carry Handle with Spacious Pockets, For Men & Women",3.7,120,949
238,https://www.amazon.in/PLAYY-BAGS-Backpack-College-Students/dp/B099N8JRVJ,PLAYY BAGS Large 35 L Laptop Bag/Backpack for Men Women Boys Girls/Office School College Teens & Students(Navy Blue),3.3,110,599
239,https://www.amazon.in/Lavie-Pavo-Womens-Tote-Bag/dp/B08YZ49632,Lavie Pavo Women's Tote Bag,4.1,4514,945
240,https://www.amazon.in/Wildcraft-Solid-Backpack-Grey-11911/dp/B07N1CM9QS,Wildcraft 35 Ltrs 18.5 cms Backpack (11911 Grey_Grey),4.2,157,1228
241,https://www.amazon.in/Wildcraft-Shutter-Bug-Camera-Backpack/dp/B07GVJ5LZB,Wildcraft Shutter Bug Camera Backpack - Black,4.5,777,3782
242,https://www.amazon.in/LEGAL-BRIBE-Womens-Checkered-Sling/dp/B098JQJ7VV,LEGAL BRIBE Checkered Sling,3.8,230,760
243,https://www.amazon.in/School-Cartoon-Backpack-Konggi-Rabbit/dp/B09241N9KD,"Baby Bag, School Bag for Kids Girl, Soft Bag, Cartoon Backpack(Konggi Rabbit)",2.8,5,201
244,https://www.amazon.in/Skybags-Riddle-Blue-Casual-Backpack/dp/B08Z298H44,Skybags Riddle 2 Blue 45 Cms Casual Backpack,4.4,58,1143
245,https://www.amazon.in/Wildcraft-Ltrs-Orange-Rucksack-8903338073833/dp/B01G5I8VKQ,Wildcraft 60 Ltrs Orange Rucksack (8903338073833),4.2,1406,2490
246,https://www.amazon.in/Kraptick-backpack-maternity-nursing-mothers/dp/B0BFWJFS62,"Kraptick Diaper bag backpack, diaper bags for mom for travel, baby diaper bag, maternity bags for mother and baby, nursing bags for mothers, diaper bag handbag",5.0,2,975
247,https://www.amazon.in/Prarabdh-Pocket-Shoulder-Strap-Water/dp/B09FZ2N1VQ,Prarabdh Yoga Mat Bag from Women & Men and Shoulder Strap Water Proof Yoga Mat Cover (Blue Color),3.6,32,195
248,https://www.amazon.in/ShopyVid%C2%AE-Leather-Stylish-Trending-Backpack/dp/B08336HQ18,ShopyVid ® Women's PU Leather Stylish and Trending Backpack for College Office Travel Purse (Black),3.6,2805,343
249,https://www.amazon.in/Lino-Perros-Womens-Sling-Black/dp/B07B4FBQ3X,Lino Perros Sling bag,4.2,596,829
250,https://www.amazon.in/Arctic-Fox-Shutter-Topography-Camera/dp/B0835GMWBC,Arctic Fox Sling Shutter Topography Camera Bag,4.5,283,1199
251,https://www.amazon.in/Aristocrat-Spark-Polyester-Small-Duffle/dp/B0B6CF261N,Aristocrat Spark 53cm Polyester Small Red Duffle Bag,4.3,59,1099
252,https://www.amazon.in/Chumbak-Forest-Flowers-Embroidered-Green/dp/B084YYMS2W,Chumbak Forest Flowers Embroidered Sling Bag - Green,4.0,12,2396
253,https://www.amazon.in/RBB-HUB-Black-Leather-Sling/dp/B082G8KPD2,"RBB HUB Black Leather Gym Bag Gym Bag (Black, Sling Bag)",5.0,1,229
254,https://www.amazon.in/F-Gear-Yakuza-Brown-Laptop-Backpack/dp/B071VNWC1C,F Gear Yakuza Brown 34 liter Laptop Backpack Sch Bag,4.4,795,1139
255,https://www.amazon.in/Eco-Friendly-Bag-Reusable-Shopping-Grocery-Multipurpose/dp/B09V5PVDTC,ASIAN Eco-Friendly Jute Hand Bag-Reusable Tiffin Shopping Grocery Multipurpose Hand Bag with Zip & Handle for Men and Women,4.1,220,197
256,https://www.amazon.in/Kuber-Industries-Handcrafted-Embroidered-Handbag/dp/B082VFV736,"Kuber Industries Handcrafted Embroidered Clutch Bag Purse Handbag for Bridal, Casual, Party, Wedding (Maroon and Peach) - CTKTC034524-2 Pieces",3.6,25,593
257,https://www.amazon.in/Kuber-Industries-Handcrafted-Embroidered-Handbag/dp/B082VFV736,"Kuber Industries Handcrafted Embroidered Clutch Bag Purse Handbag for Bridal, Casual, Party, Wedding (Maroon and Peach) - CTKTC034524-2 Pieces",3.6,25,593
258,https://www.amazon.in/F-Gear-Lattitude-Blue-Navy-Orange-Sports-Waist-Bag/dp/B08NYH3WJD,F Gear Lattitude Blue Navy Orange Sports Waist Bag (3686),4.3,153,449
259,https://www.amazon.in/SHREY-KARE-Wheelie-Size-Black/dp/B09XR1T92Z,SHREY KARE Wheelie Bag ONE Size (Black),4.3,135,2149
260,https://www.amazon.in/Lino-Perros-Women-Colored-Backpack/dp/B084TPL24S,Lino Perros Backpack,4.4,173,1469
261,https://www.amazon.in/Goatter-Hunter-Leather-Laptop-Messenger/dp/B0BQR4N3CM,"Goatter Hunter Leather 16"" Inch Laptop Messenger Bag/Office Bag For Men",4.1,40,2499
262,https://www.amazon.in/Lino-Perro-Colored-Sling-BEIGE/dp/B08ZKY3JZH,Lino Perros Colored Sling bag (BEIGE),4.1,196,678
263,https://www.amazon.in/Wildcraft-Black-Backpack-WC-Dare/dp/B06XD713N9,Wildcraft 35 Ltrs Black and Mel Backpack (WC 5 Dare),4.5,1544,1544
264,https://www.amazon.in/Zipper-Closure-Synthetic-Handbag-S22LAVBLIHO8688001/dp/B09GYRB9RT,Lavie Women's Blixen Hobo Bag Bag | Ladies Purse Handbag,4.1,20,999
265,https://www.amazon.in/Amazon-Brand-Eden-Womens-Sling/dp/B07YX8R7W8,Amazon Brand - Eden & Ivy Women's Sling Bag,4.3,291,702
266,https://www.amazon.in/Wildcraft-CL2-laptop-bagpack-Black/dp/B00L14FKD6,Wildcraft CL2 Laptop bagpack (Black),4.1,171,1719
267,https://www.amazon.in/Ailtino-Women-Potli-Bag-off-White/dp/B097Y7NMDN,AILTINO Women Potli Bag,4.3,271,239
268,https://www.amazon.in/Lavie-Cetan-Stiff-Sling-Ocher/dp/B08LJ3H43N,Lavie Women's Cetan Stiff Sling Bag | Ladies Purse Handbag | Crossbody Sling Strap,4.1,3010,957
269,https://www.amazon.in/Wildcraft-Streak-Laptop-Backpack-Black/dp/B07YYLL4MP,Wildcraft Streak 2.0 Plus Laptop Backpack 20L (Black),4.2,40,1775
270,https://www.amazon.in/Koel-Lavie-Womens-Sling-Beige/dp/B0B9866GM4,Koel by Lavie Women's Dane Sling Bag (Beige),4.5,2,599
